[ { "fields" : { "descripcion" : "Cursos Especiales 2011 - 2012",
        "idSGA" : 58
      },
    "model" : "app.ofertaacademicasga",
    "pk" : 1
  },
  { "fields" : { "descripcion" : "Internado Rotativo 2011 - 2012",
        "idSGA" : 46
      },
    "model" : "app.ofertaacademicasga",
    "pk" : 2
  },
  { "fields" : { "descripcion" : "Pregrado Marzo 2012 Julio 2012",
        "idSGA" : 65
      },
    "model" : "app.ofertaacademicasga",
    "pk" : 3
  },
  { "fields" : { "descripcion" : "Curso de Ingles presencial",
        "idSGA" : 66
      },
    "model" : "app.ofertaacademicasga",
    "pk" : 4
  },
  { "fields" : { "fin" : "2012-07-31",
        "inicio" : "2012-03-01",
        "nombre" : "Periodo Academico Marzo Julio / 2012",
        "ofertasAcademicasSGA" : [ 3, 2 ],
        "periodoLectivo" : "2011 - 2012"
      },
    "model" : "app.periodoacademico",
    "pk" : 1
  },
  { "fields" : { "fin" : "2012-06-29",
        "inicio" : "2012-06-25",
        "nombre" : "Encuesta de Satisfacción Estudiantil 2012",
        "descripcion" : "Sistema de Selección, Recopilación y Procesamiento de la Encuesta de Satisfacción Estudiantil sobre sus Docentes en las Carreras de la Universidad Nacional de Loja",
        "periodoAcademico" : 1,
	"tabulacion" : 1
      },
    "model" : "app.periodoevaluacion",
    "pk" : 1
  },
  { "fields" : { "periodoAcademicoActual" : 1,
        "periodoEvaluacionActual" : 1
      },
    "model" : "app.configuracion",
    "pk" : 1
  },
  { "fields" : { "descripcion" : "Se visualiza con un area de texto",
        "tipo" : "Ensayo"
      },
    "model" : "app.tipopregunta",
    "pk" : 1
  },
  { "fields" : { "descripcion" : "Se visualiza  radio buttons",
        "tipo" : "SeleccionUnica"
      },
    "model" : "app.tipopregunta",
    "pk" : 2
  },
  { "fields" : { "descripcion" : "",
        "tipo" : "Estudiante"
      },
    "model" : "app.tipoinformante",
    "pk" : 1
  },
  { "fields" : { "descripcion" : "Estudiante de Primer Semestre",
        "tipo" : "Estudiante Novel"
      },
    "model" : "app.tipoinformante",
    "pk" : 3
  },
  { "fields" : { "descripcion" : "Docente",
        "tipo" : "Docente"
      },
    "model" : "app.tipoinformante",
    "pk" : 5
  },
  { "fields" : { "descripcion" : "Directivos",
        "tipo" : "Directivos"
      },
    "model" : "app.tipoinformante",
    "pk" : 6
  },
  { "fields" : { "encabezado" : "<center>\r\n<img src=\"http://www.unl.edu.ec/images/unl/web/unl_logo.png\" width=\"80\" height=\"80\"/>\r\n<h3>UNIVERSIDAD NACIONAL DE LOJA</h3>\r\n<i>Comision de Evaluación Interna</i> <br/>\r\nCOMISIÓN TÉCNICA DE EVALUACIÓN <br/>\r\n<p>\r\nEVALUACIÓN DEL DESEMPEÑO DOCENTE <BR/>\r\n</p>\r\n<p>\r\nENCUESTA DE SATISFACCIÓN ESTUDIANTIL <br/>\r\n<B>CUESTIONARIO SED</B>\r\n</p>\r\n</center>\r\n<P>\r\nCuestionario para valorar la satisfacción de los estudiantes con respecto a sus docentes en cada carrera. \r\n</P>\r\n<P>\r\nEstimado (a) estudiante:\r\n</P>\r\n<P>\r\nLa Universidad Nacional de Loja, a través de la Comisión de Evaluación Interna, con la finalidad de asegurar un mejoramiento continuo de la calidad de su formación, aplica la Encuesta de Satisfacción Estudiantil respecto de sus docentes en la enseñanza universitaria.\r\n</P>\r\n<P>\r\nAl agradecer su colaboración, nos permitimos indicarle que la encuesta es confidencial y anónima, y, de gran utilidad para que la institución y las carreras implementen acciones para el mejoramiento de las experiencias educacionales de los estudiantes, por lo que, le solicitamos valore su grado de satisfacción\r\nrespecto a cada uno de los indicadores, con transparencia y sinceridad.\r\n</P>\r\n<P>\r\nSírvase marcar con una <B>X</B> la opción que mejor recoja su valoración, de acuerdo\r\ncon la siguiente escala: (<B>marcar una sola opción</B>)\r\n</P>\r\n<TABLE border=\"2\" width=\"75%\">\r\n<TR>\r\n<Td align=\"center\"><b>Muy satisfecho (a)<b></Td>\r\n<Td align=\"center\"><b>Satisfecho (a) <b></Td>\r\n<Td align=\"center\"> <b>Poco Satisfecho (a) <b></Td>\r\n<Td align=\"center\"> <b>Insatisfecho (a) <b></Td>\r\n\r\n</TR>\r\n<TR>\r\n<TD align=\"center\"> 4 </TD>\r\n<TD align=\"center\"> 3 </TD>\r\n<TD align=\"center\"> 2 </TD>\r\n<TD align=\"center\"> 1 </TD>\r\n</TR>\r\n</TABLE>",
        "fin" : "2012-06-29 12:00:00",
        "incio" : "2012-06-25 11:52:08",
        "informante" : 1,
        "periodoEvaluacion" : 1,
        "titulo" : "Encuesta de Satisfacción Estudiantil 2012"
      },
    "model" : "app.cuestionario",
    "pk" : 1
  },
  { "fields" : { "cuestionario" : 1,
        "descripcion" : "Mencione en qué medida se siente satisfecho (a) con:",
        "orden" : 1,
        "seccionPadre" : null,
        "titulo" : "Proceso Docente"
      },
    "model" : "app.seccion",
    "pk" : 1
  },
  { "fields" : { "cuestionario" : 1,
        "descripcion" : "Mencione en qué medida se siente satisfecho (a) con:",
        "orden" : 2,
        "seccionPadre" : null,
        "titulo" : "Logros Alcanzados"
      },
    "model" : "app.seccion",
    "pk" : 2
  },
  { "fields" : { "cuestionario" : 1,
        "descripcion" : "Mencione en qué medida se siente satisfecho (a) con:",
        "orden" : 3,
        "seccionPadre" : null,
        "titulo" : "Comportamiento Etico del Docente"
      },
    "model" : "app.seccion",
    "pk" : 3
  },
  { "fields" : { "cuestionario" : 1,
        "descripcion" : "¿Que otros aspectos que no se hayan considerado en el Cuestionario le producen Satisfacción?",
        "orden" : 4,
        "seccionPadre" : null,
        "titulo" : "Otros Aspectos"
      },
    "model" : "app.seccion",
    "pk" : 4
  },
  { "fields" : { "orden" : 1,
        "seccion" : 1,
        "texto" : "La planificación del módulo, unidad, curso o taller",
        "tipo" : 2
      },
    "model" : "app.pregunta",
    "pk" : 7
  },
  { "fields" : { "orden" : 1,
        "seccion" : 2,
        "texto" : "Sus conocimientos teóricos adquiridos.",
        "tipo" : 2
      },
    "model" : "app.pregunta",
    "pk" : 27
  },
  { "fields" : { "orden" : 1,
        "seccion" : 3,
        "texto" : "El tratamiento honesto y respetuoso del docente",
        "tipo" : 2
      },
    "model" : "app.pregunta",
    "pk" : 38
  },
  { "fields" : { "orden" : 1,
        "seccion" : 4,
        "texto" : "a. Respecto al proceso docente ",
        "tipo" : 1
      },
    "model" : "app.pregunta",
    "pk" : 44
  },
  { "fields" : { "orden" : 2,
        "seccion" : 2,
        "texto" : "Sus aprendizajes logrados y que los puede demostrar.",
        "tipo" : 2
      },
    "model" : "app.pregunta",
    "pk" : 28
  },
  { "fields" : { "orden" : 2,
        "seccion" : 1,
        "texto" : "El contenido teórico  del módulo, unidad, curso o taller. ",
        "tipo" : 2
      },
    "model" : "app.pregunta",
    "pk" : 8
  },
  { "fields" : { "orden" : 2,
        "seccion" : 4,
        "texto" : "b. Respecto a los logros alcanzados",
        "tipo" : 1
      },
    "model" : "app.pregunta",
    "pk" : 45
  },
  { "fields" : { "orden" : 2,
        "seccion" : 3,
        "texto" : "La responsabilidad que demuestra el docente en su trabajo.",
        "tipo" : 2
      },
    "model" : "app.pregunta",
    "pk" : 39
  },
  { "fields" : { "orden" : 3,
        "seccion" : 2,
        "texto" : "Las calificaciones asignadas por el docente",
        "tipo" : 2
      },
    "model" : "app.pregunta",
    "pk" : 29
  },
  { "fields" : { "orden" : 3,
        "seccion" : 1,
        "texto" : "Los materiales impresos y/o material didáctico disponible.",
        "tipo" : 2
      },
    "model" : "app.pregunta",
    "pk" : 9
  },
  { "fields" : { "orden" : 3,
        "seccion" : 4,
        "texto" : "c. Respecto al comportamiento ético del docente ",
        "tipo" : 1
      },
    "model" : "app.pregunta",
    "pk" : 46
  },
  { "fields" : { "orden" : 3,
        "seccion" : 3,
        "texto" : "El cumplimiento del docente con los horarios y calendarios de trabajo establecidos institucionalmente",
        "tipo" : 2
      },
    "model" : "app.pregunta",
    "pk" : 40
  },
  { "fields" : { "orden" : 4,
        "seccion" : 1,
        "texto" : "La forma como el docente planifica y organiza las clases.",
        "tipo" : 2
      },
    "model" : "app.pregunta",
    "pk" : 10
  },
  { "fields" : { "orden" : 4,
        "seccion" : 2,
        "texto" : "El trabajo intelectual que ha logrado desarrollar (hace análisis, elabora síntesis, razonamientos, establece relaciones, comparaciones)",
        "tipo" : 2
      },
    "model" : "app.pregunta",
    "pk" : 30
  },
  { "fields" : { "orden" : 4,
        "seccion" : 3,
        "texto" : "La firmeza del docente en las decisiones tomadas y para que los estudiantes respeten los acuerdos",
        "tipo" : 2
      },
    "model" : "app.pregunta",
    "pk" : 41
  },
  { "fields" : { "orden" : 5,
        "seccion" : 1,
        "texto" : "El dominio de los contenidos y actualización del docente.",
        "tipo" : 2
      },
    "model" : "app.pregunta",
    "pk" : 11
  },
  { "fields" : { "orden" : 5,
        "seccion" : 3,
        "texto" : "La equidad, justicia, transparencia y oportunidad con que el docente evalúa, acredita y califica el desempeño de los estudiantes",
        "tipo" : 2
      },
    "model" : "app.pregunta",
    "pk" : 42
  },
  { "fields" : { "orden" : 5,
        "seccion" : 2,
        "texto" : "Los nuevos valores integrados a su formación",
        "tipo" : 2
      },
    "model" : "app.pregunta",
    "pk" : 31
  },
  { "fields" : { "orden" : 6,
        "seccion" : 1,
        "texto" : "El proceso de comunicación y participación de los estudiantes que el docente promueve en el aula (motivación para el aprendizaje).",
        "tipo" : 2
      },
    "model" : "app.pregunta",
    "pk" : 12
  },
  { "fields" : { "orden" : 6,
        "seccion" : 3,
        "texto" : "El cumplimiento de lo planificado en el módulo, unidad, curso o taller",
        "tipo" : 2
      },
    "model" : "app.pregunta",
    "pk" : 43
  },
  { "fields" : { "orden" : 6,
        "seccion" : 2,
        "texto" : "Su capacidad desarrollada para trabajar en equipo (se prepara, participa, acepta sugerencias, llega a acuerdos, respeta los puntos de vista de los demás, es puntual)",
        "tipo" : 2
      },
    "model" : "app.pregunta",
    "pk" : 32
  },
  { "fields" : { "orden" : 7,
        "seccion" : 1,
        "texto" : "La relación docente – estudiantes en el aula y fuera de ella (el docente es cordial, genera confianza, sabe escuchar, crea un ambiente favorable de trabajo).",
        "tipo" : 2
      },
    "model" : "app.pregunta",
    "pk" : 13
  },
  { "fields" : { "orden" : 7,
        "seccion" : 2,
        "texto" : "Su capacidad para resolver problemas y casos de la especialidad",
        "tipo" : 2
      },
    "model" : "app.pregunta",
    "pk" : 33
  },
  { "fields" : { "orden" : 8,
        "seccion" : 1,
        "texto" : "La valoración de los saberes ancestrales y el respeto a la diversidad cultural que fomenta el docente.",
        "tipo" : 2
      },
    "model" : "app.pregunta",
    "pk" : 14
  },
  { "fields" : { "orden" : 8,
        "seccion" : 2,
        "texto" : "Sus habilidades y destrezas desarrolladas, en relación con las prácticas profesionales",
        "tipo" : 2
      },
    "model" : "app.pregunta",
    "pk" : 34
  },
  { "fields" : { "orden" : 9,
        "seccion" : 1,
        "texto" : "La metodología de enseñanza utilizada por el docente.",
        "tipo" : 2
      },
    "model" : "app.pregunta",
    "pk" : 15
  },
  { "fields" : { "orden" : 9,
        "seccion" : 2,
        "texto" : "Su capacidad para actuar con autonomía e iniciativa",
        "tipo" : 2
      },
    "model" : "app.pregunta",
    "pk" : 35
  },
  { "fields" : { "orden" : 10,
        "seccion" : 2,
        "texto" : "El desarrollo de una actitud positiva hacia el cambio e innovación",
        "tipo" : 2
      },
    "model" : "app.pregunta",
    "pk" : 36
  },
  { "fields" : { "orden" : 10,
        "seccion" : 1,
        "texto" : "La relación teoría – práctica que el docente realiza  en el tratamiento de los contenidos del módulo, unidad, curso o taller (orientada hacia la práctica  profesional).",
        "tipo" : 2
      },
    "model" : "app.pregunta",
    "pk" : 16
  },
  { "fields" : { "orden" : 11,
        "seccion" : 1,
        "texto" : "El nivel de exigencia y rigor científico promovido por el docente. ",
        "tipo" : 2
      },
    "model" : "app.pregunta",
    "pk" : 17
  },
  { "fields" : { "orden" : 11,
        "seccion" : 2,
        "texto" : "Su capacidad de argumentación y reflexión crítica desarrollada",
        "tipo" : 2
      },
    "model" : "app.pregunta",
    "pk" : 37
  },
  { "fields" : { "orden" : 12,
        "seccion" : 1,
        "texto" : "El interés que pone y el esfuerzo que realiza el docente para que los estudiantes aprendan.",
        "tipo" : 2
      },
    "model" : "app.pregunta",
    "pk" : 18
  },
  { "fields" : { "orden" : 13,
        "seccion" : 1,
        "texto" : "Las actividades extra- clase que le envía el docente para reforzar los aprendizajes y optimizar su formación.",
        "tipo" : 2
      },
    "model" : "app.pregunta",
    "pk" : 19
  },
  { "fields" : { "orden" : 14,
        "seccion" : 1,
        "texto" : "Los mecanismos que utiliza el docente para evaluar los aprendizajes de los estudiantes (tareas, lecciones, reportes, pruebas oral y escrita, prácticas).",
        "tipo" : 2
      },
    "model" : "app.pregunta",
    "pk" : 20
  },
  { "fields" : { "orden" : 15,
        "seccion" : 1,
        "texto" : "La retroalimentación que da el docente después de la evaluación (trabaja sobre las deficiencias encontradas, analiza, aclara y explica).",
        "tipo" : 2
      },
    "model" : "app.pregunta",
    "pk" : 21
  },
  { "fields" : { "orden" : 16,
        "seccion" : 1,
        "texto" : "La asesoría del profesor en espacios intra- aula o cuando usted requiere de su apoyo.",
        "tipo" : 2
      },
    "model" : "app.pregunta",
    "pk" : 22
  },
  { "fields" : { "orden" : 17,
        "seccion" : 1,
        "texto" : "El apoyo de la formación que recibe en el módulo, unidad, curso o taller para las prácticas profesionales. ",
        "tipo" : 2
      },
    "model" : "app.pregunta",
    "pk" : 23
  },
  { "fields" : { "orden" : 18,
        "seccion" : 1,
        "texto" : "Las nuevas tecnologías de la Comunicación y la información que su docente incorpora a la enseñanza, en  apoyo al trabajo autónomo de los estudiantes (e-mail, blogs, wikis, chats, plataforma virtual).           ",
        "tipo" : 2
      },
    "model" : "app.pregunta",
    "pk" : 24
  },
  { "fields" : { "orden" : 19,
        "seccion" : 1,
        "texto" : "Las estrategias de investigación formativa que implementa el docente para fomentar el espíritu investigativo y creatividad de los estudiantes (lecturas de la realidad, manejo de fuentes bibliográficas, de datos, confrontación de ideas, estudio de casos, análisis de situaciones problemáticas, recolección de información, etc.). ",
        "tipo" : 2
      },
    "model" : "app.pregunta",
    "pk" : 25
  },
  { "fields" : { "orden" : 20,
        "seccion" : 1,
        "texto" : "La bibliografía que señala el docente. \r\n",
        "tipo" : 2
      },
    "model" : "app.pregunta",
    "pk" : 26
  },
 { "fields" : { "orden" : 4,
        "pregunta" : 7,
        "texto" : "1"
      },
    "model" : "app.itempregunta",
    "pk" : 17
  },
  { "fields" : { "orden" : 4,
        "pregunta" : 8,
        "texto" : "1"
      },
    "model" : "app.itempregunta",
    "pk" : 21
  },
  { "fields" : { "orden" : 4,
        "pregunta" : 9,
        "texto" : "1"
      },
    "model" : "app.itempregunta",
    "pk" : 25
  },
  { "fields" : { "orden" : 4,
        "pregunta" : 10,
        "texto" : "1"
      },
    "model" : "app.itempregunta",
    "pk" : 29
  },
  { "fields" : { "orden" : 4,
        "pregunta" : 11,
        "texto" : "1"
      },
    "model" : "app.itempregunta",
    "pk" : 33
  },
  { "fields" : { "orden" : 4,
        "pregunta" : 12,
        "texto" : "1"
      },
    "model" : "app.itempregunta",
    "pk" : 37
  },
  { "fields" : { "orden" : 4,
        "pregunta" : 13,
        "texto" : "1"
      },
    "model" : "app.itempregunta",
    "pk" : 41
  },
  { "fields" : { "orden" : 4,
        "pregunta" : 14,
        "texto" : "1"
      },
    "model" : "app.itempregunta",
    "pk" : 45
  },
  { "fields" : { "orden" : 4,
        "pregunta" : 15,
        "texto" : "1"
      },
    "model" : "app.itempregunta",
    "pk" : 49
  },
  { "fields" : { "orden" : 4,
        "pregunta" : 16,
        "texto" : "1"
      },
    "model" : "app.itempregunta",
    "pk" : 53
  },
  { "fields" : { "orden" : 4,
        "pregunta" : 17,
        "texto" : "1"
      },
    "model" : "app.itempregunta",
    "pk" : 57
  },
  { "fields" : { "orden" : 4,
        "pregunta" : 18,
        "texto" : "1"
      },
    "model" : "app.itempregunta",
    "pk" : 61
  },
  { "fields" : { "orden" : 4,
        "pregunta" : 19,
        "texto" : "1"
      },
    "model" : "app.itempregunta",
    "pk" : 65
  },
  { "fields" : { "orden" : 4,
        "pregunta" : 20,
        "texto" : "1"
      },
    "model" : "app.itempregunta",
    "pk" : 69
  },
  { "fields" : { "orden" : 4,
        "pregunta" : 21,
        "texto" : "1"
      },
    "model" : "app.itempregunta",
    "pk" : 73
  },
  { "fields" : { "orden" : 4,
        "pregunta" : 22,
        "texto" : "1"
      },
    "model" : "app.itempregunta",
    "pk" : 77
  },
  { "fields" : { "orden" : 4,
        "pregunta" : 23,
        "texto" : "1"
      },
    "model" : "app.itempregunta",
    "pk" : 81
  },
  { "fields" : { "orden" : 4,
        "pregunta" : 24,
        "texto" : "1"
      },
    "model" : "app.itempregunta",
    "pk" : 85
  },
  { "fields" : { "orden" : 4,
        "pregunta" : 25,
        "texto" : "1"
      },
    "model" : "app.itempregunta",
    "pk" : 89
  },
  { "fields" : { "orden" : 4,
        "pregunta" : 26,
        "texto" : "1"
      },
    "model" : "app.itempregunta",
    "pk" : 93
  },
  { "fields" : { "orden" : 4,
        "pregunta" : 27,
        "texto" : "1"
      },
    "model" : "app.itempregunta",
    "pk" : 97
  },
  { "fields" : { "orden" : 4,
        "pregunta" : 28,
        "texto" : "1"
      },
    "model" : "app.itempregunta",
    "pk" : 101
  },
  { "fields" : { "orden" : 4,
        "pregunta" : 29,
        "texto" : "1"
      },
    "model" : "app.itempregunta",
    "pk" : 105
  },
  { "fields" : { "orden" : 4,
        "pregunta" : 30,
        "texto" : "1"
      },
    "model" : "app.itempregunta",
    "pk" : 109
  },
  { "fields" : { "orden" : 4,
        "pregunta" : 31,
        "texto" : "1"
      },
    "model" : "app.itempregunta",
    "pk" : 113
  },
  { "fields" : { "orden" : 4,
        "pregunta" : 32,
        "texto" : "1"
      },
    "model" : "app.itempregunta",
    "pk" : 117
  },
  { "fields" : { "orden" : 4,
        "pregunta" : 33,
        "texto" : "1"
      },
    "model" : "app.itempregunta",
    "pk" : 121
  },
  { "fields" : { "orden" : 4,
        "pregunta" : 34,
        "texto" : "1"
      },
    "model" : "app.itempregunta",
    "pk" : 125
  },
  { "fields" : { "orden" : 4,
        "pregunta" : 35,
        "texto" : "1"
      },
    "model" : "app.itempregunta",
    "pk" : 129
  },
  { "fields" : { "orden" : 4,
        "pregunta" : 36,
        "texto" : "1"
      },
    "model" : "app.itempregunta",
    "pk" : 133
  },
  { "fields" : { "orden" : 4,
        "pregunta" : 37,
        "texto" : "1"
      },
    "model" : "app.itempregunta",
    "pk" : 137
  },
  { "fields" : { "orden" : 4,
        "pregunta" : 38,
        "texto" : "1"
      },
    "model" : "app.itempregunta",
    "pk" : 141
  },
  { "fields" : { "orden" : 4,
        "pregunta" : 39,
        "texto" : "1"
      },
    "model" : "app.itempregunta",
    "pk" : 145
  },
  { "fields" : { "orden" : 4,
        "pregunta" : 40,
        "texto" : "1"
      },
    "model" : "app.itempregunta",
    "pk" : 149
  },
  { "fields" : { "orden" : 4,
        "pregunta" : 41,
        "texto" : "1"
      },
    "model" : "app.itempregunta",
    "pk" : 153
  },
  { "fields" : { "orden" : 4,
        "pregunta" : 42,
        "texto" : "1"
      },
    "model" : "app.itempregunta",
    "pk" : 157
  },
  { "fields" : { "orden" : 4,
        "pregunta" : 43,
        "texto" : "1"
      },
    "model" : "app.itempregunta",
    "pk" : 161
  },
  { "fields" : { "orden" : 3,
        "pregunta" : 42,
        "texto" : "2"
      },
    "model" : "app.itempregunta",
    "pk" : 158
  },
  { "fields" : { "orden" : 3,
        "pregunta" : 7,
        "texto" : "2"
      },
    "model" : "app.itempregunta",
    "pk" : 18
  },
  { "fields" : { "orden" : 3,
        "pregunta" : 36,
        "texto" : "2"
      },
    "model" : "app.itempregunta",
    "pk" : 134
  },
  { "fields" : { "orden" : 3,
        "pregunta" : 26,
        "texto" : "2"
      },
    "model" : "app.itempregunta",
    "pk" : 94
  },
  { "fields" : { "orden" : 3,
        "pregunta" : 15,
        "texto" : "2"
      },
    "model" : "app.itempregunta",
    "pk" : 50
  },
  { "fields" : { "orden" : 3,
        "pregunta" : 34,
        "texto" : "2"
      },
    "model" : "app.itempregunta",
    "pk" : 126
  },
  { "fields" : { "orden" : 3,
        "pregunta" : 33,
        "texto" : "2"
      },
    "model" : "app.itempregunta",
    "pk" : 122
  },
  { "fields" : { "orden" : 3,
        "pregunta" : 27,
        "texto" : "2"
      },
    "model" : "app.itempregunta",
    "pk" : 98
  },
  { "fields" : { "orden" : 3,
        "pregunta" : 20,
        "texto" : "2"
      },
    "model" : "app.itempregunta",
    "pk" : 70
  },
  { "fields" : { "orden" : 3,
        "pregunta" : 41,
        "texto" : "2"
      },
    "model" : "app.itempregunta",
    "pk" : 154
  },
  { "fields" : { "orden" : 3,
        "pregunta" : 32,
        "texto" : "2"
      },
    "model" : "app.itempregunta",
    "pk" : 118
  },
  { "fields" : { "orden" : 3,
        "pregunta" : 28,
        "texto" : "2"
      },
    "model" : "app.itempregunta",
    "pk" : 102
  },
  { "fields" : { "orden" : 3,
        "pregunta" : 37,
        "texto" : "2"
      },
    "model" : "app.itempregunta",
    "pk" : 138
  },
  { "fields" : { "orden" : 3,
        "pregunta" : 43,
        "texto" : "2"
      },
    "model" : "app.itempregunta",
    "pk" : 162
  },
  { "fields" : { "orden" : 3,
        "pregunta" : 40,
        "texto" : "2"
      },
    "model" : "app.itempregunta",
    "pk" : 150
  },
  { "fields" : { "orden" : 3,
        "pregunta" : 29,
        "texto" : "2"
      },
    "model" : "app.itempregunta",
    "pk" : 106
  },
  { "fields" : { "orden" : 3,
        "pregunta" : 12,
        "texto" : "2"
      },
    "model" : "app.itempregunta",
    "pk" : 38
  },
  { "fields" : { "orden" : 3,
        "pregunta" : 31,
        "texto" : "2"
      },
    "model" : "app.itempregunta",
    "pk" : 114
  },
  { "fields" : { "orden" : 3,
        "pregunta" : 38,
        "texto" : "2"
      },
    "model" : "app.itempregunta",
    "pk" : 142
  },
  { "fields" : { "orden" : 3,
        "pregunta" : 30,
        "texto" : "2"
      },
    "model" : "app.itempregunta",
    "pk" : 110
  },
  { "fields" : { "orden" : 3,
        "pregunta" : 21,
        "texto" : "2"
      },
    "model" : "app.itempregunta",
    "pk" : 74
  },
  { "fields" : { "orden" : 3,
        "pregunta" : 18,
        "texto" : "2"
      },
    "model" : "app.itempregunta",
    "pk" : 62
  },
  { "fields" : { "orden" : 3,
        "pregunta" : 11,
        "texto" : "2"
      },
    "model" : "app.itempregunta",
    "pk" : 34
  },
  { "fields" : { "orden" : 3,
        "pregunta" : 17,
        "texto" : "2"
      },
    "model" : "app.itempregunta",
    "pk" : 58
  },
  { "fields" : { "orden" : 3,
        "pregunta" : 22,
        "texto" : "2"
      },
    "model" : "app.itempregunta",
    "pk" : 78
  },
  { "fields" : { "orden" : 3,
        "pregunta" : 14,
        "texto" : "2"
      },
    "model" : "app.itempregunta",
    "pk" : 46
  },
  { "fields" : { "orden" : 3,
        "pregunta" : 10,
        "texto" : "2"
      },
    "model" : "app.itempregunta",
    "pk" : 30
  },
  { "fields" : { "orden" : 3,
        "pregunta" : 16,
        "texto" : "2"
      },
    "model" : "app.itempregunta",
    "pk" : 54
  },
  { "fields" : { "orden" : 3,
        "pregunta" : 23,
        "texto" : "2"
      },
    "model" : "app.itempregunta",
    "pk" : 82
  },
  { "fields" : { "orden" : 3,
        "pregunta" : 13,
        "texto" : "2"
      },
    "model" : "app.itempregunta",
    "pk" : 42
  },
  { "fields" : { "orden" : 3,
        "pregunta" : 9,
        "texto" : "2"
      },
    "model" : "app.itempregunta",
    "pk" : 26
  },
  { "fields" : { "orden" : 3,
        "pregunta" : 35,
        "texto" : "2"
      },
    "model" : "app.itempregunta",
    "pk" : 130
  },
  { "fields" : { "orden" : 3,
        "pregunta" : 24,
        "texto" : "2"
      },
    "model" : "app.itempregunta",
    "pk" : 86
  },
  { "fields" : { "orden" : 3,
        "pregunta" : 19,
        "texto" : "2"
      },
    "model" : "app.itempregunta",
    "pk" : 66
  },
  { "fields" : { "orden" : 3,
        "pregunta" : 8,
        "texto" : "2"
      },
    "model" : "app.itempregunta",
    "pk" : 22
  },
  { "fields" : { "orden" : 3,
        "pregunta" : 39,
        "texto" : "2"
      },
    "model" : "app.itempregunta",
    "pk" : 146
  },
  { "fields" : { "orden" : 3,
        "pregunta" : 25,
        "texto" : "2"
      },
    "model" : "app.itempregunta",
    "pk" : 90
  },
  { "fields" : { "orden" : 2,
        "pregunta" : 9,
        "texto" : "3"
      },
    "model" : "app.itempregunta",
    "pk" : 27
  },
  { "fields" : { "orden" : 2,
        "pregunta" : 16,
        "texto" : "3"
      },
    "model" : "app.itempregunta",
    "pk" : 55
  },
  { "fields" : { "orden" : 2,
        "pregunta" : 17,
        "texto" : "3"
      },
    "model" : "app.itempregunta",
    "pk" : 59
  },
  { "fields" : { "orden" : 2,
        "pregunta" : 37,
        "texto" : "3"
      },
    "model" : "app.itempregunta",
    "pk" : 139
  },
  { "fields" : { "orden" : 2,
        "pregunta" : 18,
        "texto" : "3"
      },
    "model" : "app.itempregunta",
    "pk" : 63
  },
  { "fields" : { "orden" : 2,
        "pregunta" : 19,
        "texto" : "3"
      },
    "model" : "app.itempregunta",
    "pk" : 67
  },
  { "fields" : { "orden" : 2,
        "pregunta" : 42,
        "texto" : "3"
      },
    "model" : "app.itempregunta",
    "pk" : 159
  },
  { "fields" : { "orden" : 2,
        "pregunta" : 20,
        "texto" : "3"
      },
    "model" : "app.itempregunta",
    "pk" : 71
  },
  { "fields" : { "orden" : 2,
        "pregunta" : 21,
        "texto" : "3"
      },
    "model" : "app.itempregunta",
    "pk" : 75
  },
  { "fields" : { "orden" : 2,
        "pregunta" : 38,
        "texto" : "3"
      },
    "model" : "app.itempregunta",
    "pk" : 143
  },
  { "fields" : { "orden" : 2,
        "pregunta" : 22,
        "texto" : "3"
      },
    "model" : "app.itempregunta",
    "pk" : 79
  },
  { "fields" : { "orden" : 2,
        "pregunta" : 23,
        "texto" : "3"
      },
    "model" : "app.itempregunta",
    "pk" : 83
  },
  { "fields" : { "orden" : 2,
        "pregunta" : 24,
        "texto" : "3"
      },
    "model" : "app.itempregunta",
    "pk" : 87
  },
  { "fields" : { "orden" : 2,
        "pregunta" : 25,
        "texto" : "3"
      },
    "model" : "app.itempregunta",
    "pk" : 91
  },
  { "fields" : { "orden" : 2,
        "pregunta" : 39,
        "texto" : "3"
      },
    "model" : "app.itempregunta",
    "pk" : 147
  },
  { "fields" : { "orden" : 2,
        "pregunta" : 26,
        "texto" : "3"
      },
    "model" : "app.itempregunta",
    "pk" : 95
  },
  { "fields" : { "orden" : 2,
        "pregunta" : 27,
        "texto" : "3"
      },
    "model" : "app.itempregunta",
    "pk" : 99
  },
  { "fields" : { "orden" : 2,
        "pregunta" : 28,
        "texto" : "3"
      },
    "model" : "app.itempregunta",
    "pk" : 103
  },
  { "fields" : { "orden" : 2,
        "pregunta" : 29,
        "texto" : "3"
      },
    "model" : "app.itempregunta",
    "pk" : 107
  },
  { "fields" : { "orden" : 2,
        "pregunta" : 40,
        "texto" : "3"
      },
    "model" : "app.itempregunta",
    "pk" : 151
  },
  { "fields" : { "orden" : 2,
        "pregunta" : 30,
        "texto" : "3"
      },
    "model" : "app.itempregunta",
    "pk" : 111
  },
  { "fields" : { "orden" : 2,
        "pregunta" : 31,
        "texto" : "3"
      },
    "model" : "app.itempregunta",
    "pk" : 115
  },
  { "fields" : { "orden" : 2,
        "pregunta" : 32,
        "texto" : "3"
      },
    "model" : "app.itempregunta",
    "pk" : 119
  },
  { "fields" : { "orden" : 2,
        "pregunta" : 33,
        "texto" : "3"
      },
    "model" : "app.itempregunta",
    "pk" : 123
  },
  { "fields" : { "orden" : 2,
        "pregunta" : 41,
        "texto" : "3"
      },
    "model" : "app.itempregunta",
    "pk" : 155
  },
  { "fields" : { "orden" : 2,
        "pregunta" : 34,
        "texto" : "3"
      },
    "model" : "app.itempregunta",
    "pk" : 127
  },
  { "fields" : { "orden" : 2,
        "pregunta" : 7,
        "texto" : "3"
      },
    "model" : "app.itempregunta",
    "pk" : 19
  },
  { "fields" : { "orden" : 2,
        "pregunta" : 8,
        "texto" : "3"
      },
    "model" : "app.itempregunta",
    "pk" : 23
  },
  { "fields" : { "orden" : 2,
        "pregunta" : 35,
        "texto" : "3"
      },
    "model" : "app.itempregunta",
    "pk" : 131
  },
  { "fields" : { "orden" : 2,
        "pregunta" : 10,
        "texto" : "3"
      },
    "model" : "app.itempregunta",
    "pk" : 31
  },
  { "fields" : { "orden" : 2,
        "pregunta" : 11,
        "texto" : "3"
      },
    "model" : "app.itempregunta",
    "pk" : 35
  },
  { "fields" : { "orden" : 2,
        "pregunta" : 43,
        "texto" : "3"
      },
    "model" : "app.itempregunta",
    "pk" : 163
  },
  { "fields" : { "orden" : 2,
        "pregunta" : 12,
        "texto" : "3"
      },
    "model" : "app.itempregunta",
    "pk" : 39
  },
  { "fields" : { "orden" : 2,
        "pregunta" : 13,
        "texto" : "3"
      },
    "model" : "app.itempregunta",
    "pk" : 43
  },
  { "fields" : { "orden" : 2,
        "pregunta" : 36,
        "texto" : "3"
      },
    "model" : "app.itempregunta",
    "pk" : 135
  },
  { "fields" : { "orden" : 2,
        "pregunta" : 14,
        "texto" : "3"
      },
    "model" : "app.itempregunta",
    "pk" : 47
  },
  { "fields" : { "orden" : 2,
        "pregunta" : 15,
        "texto" : "3"
      },
    "model" : "app.itempregunta",
    "pk" : 51
  },
  { "fields" : { "orden" : 1,
        "pregunta" : 34,
        "texto" : "4"
      },
    "model" : "app.itempregunta",
    "pk" : 128
  },
  { "fields" : { "orden" : 1,
        "pregunta" : 25,
        "texto" : "4"
      },
    "model" : "app.itempregunta",
    "pk" : 92
  },
  { "fields" : { "orden" : 1,
        "pregunta" : 17,
        "texto" : "4"
      },
    "model" : "app.itempregunta",
    "pk" : 60
  },
  { "fields" : { "orden" : 1,
        "pregunta" : 7,
        "texto" : "4"
      },
    "model" : "app.itempregunta",
    "pk" : 20
  },
  { "fields" : { "orden" : 1,
        "pregunta" : 41,
        "texto" : "4"
      },
    "model" : "app.itempregunta",
    "pk" : 156
  },
  { "fields" : { "orden" : 1,
        "pregunta" : 24,
        "texto" : "4"
      },
    "model" : "app.itempregunta",
    "pk" : 88
  },
  { "fields" : { "orden" : 1,
        "pregunta" : 13,
        "texto" : "4"
      },
    "model" : "app.itempregunta",
    "pk" : 44
  },
  { "fields" : { "orden" : 1,
        "pregunta" : 8,
        "texto" : "4"
      },
    "model" : "app.itempregunta",
    "pk" : 24
  },
  { "fields" : { "orden" : 1,
        "pregunta" : 42,
        "texto" : "4"
      },
    "model" : "app.itempregunta",
    "pk" : 160
  },
  { "fields" : { "orden" : 1,
        "pregunta" : 23,
        "texto" : "4"
      },
    "model" : "app.itempregunta",
    "pk" : 84
  },
  { "fields" : { "orden" : 1,
        "pregunta" : 38,
        "texto" : "4"
      },
    "model" : "app.itempregunta",
    "pk" : 144
  },
  { "fields" : { "orden" : 1,
        "pregunta" : 9,
        "texto" : "4"
      },
    "model" : "app.itempregunta",
    "pk" : 28
  },
  { "fields" : { "orden" : 1,
        "pregunta" : 16,
        "texto" : "4"
      },
    "model" : "app.itempregunta",
    "pk" : 56
  },
  { "fields" : { "orden" : 1,
        "pregunta" : 22,
        "texto" : "4"
      },
    "model" : "app.itempregunta",
    "pk" : 80
  },
  { "fields" : { "orden" : 1,
        "pregunta" : 18,
        "texto" : "4"
      },
    "model" : "app.itempregunta",
    "pk" : 64
  },
  { "fields" : { "orden" : 1,
        "pregunta" : 10,
        "texto" : "4"
      },
    "model" : "app.itempregunta",
    "pk" : 32
  },
  { "fields" : { "orden" : 1,
        "pregunta" : 35,
        "texto" : "4"
      },
    "model" : "app.itempregunta",
    "pk" : 132
  },
  { "fields" : { "orden" : 1,
        "pregunta" : 21,
        "texto" : "4"
      },
    "model" : "app.itempregunta",
    "pk" : 76
  },
  { "fields" : { "orden" : 1,
        "pregunta" : 15,
        "texto" : "4"
      },
    "model" : "app.itempregunta",
    "pk" : 52
  },
  { "fields" : { "orden" : 1,
        "pregunta" : 11,
        "texto" : "4"
      },
    "model" : "app.itempregunta",
    "pk" : 36
  },
  { "fields" : { "orden" : 1,
        "pregunta" : 14,
        "texto" : "4"
      },
    "model" : "app.itempregunta",
    "pk" : 48
  },
  { "fields" : { "orden" : 1,
        "pregunta" : 30,
        "texto" : "4"
      },
    "model" : "app.itempregunta",
    "pk" : 112
  },
  { "fields" : { "orden" : 1,
        "pregunta" : 40,
        "texto" : "4"
      },
    "model" : "app.itempregunta",
    "pk" : 152
  },
  { "fields" : { "orden" : 1,
        "pregunta" : 29,
        "texto" : "4"
      },
    "model" : "app.itempregunta",
    "pk" : 108
  },
  { "fields" : { "orden" : 1,
        "pregunta" : 20,
        "texto" : "4"
      },
    "model" : "app.itempregunta",
    "pk" : 72
  },
  { "fields" : { "orden" : 1,
        "pregunta" : 31,
        "texto" : "4"
      },
    "model" : "app.itempregunta",
    "pk" : 116
  },
  { "fields" : { "orden" : 1,
        "pregunta" : 28,
        "texto" : "4"
      },
    "model" : "app.itempregunta",
    "pk" : 104
  },
  { "fields" : { "orden" : 1,
        "pregunta" : 43,
        "texto" : "4"
      },
    "model" : "app.itempregunta",
    "pk" : 164
  },
  { "fields" : { "orden" : 1,
        "pregunta" : 36,
        "texto" : "4"
      },
    "model" : "app.itempregunta",
    "pk" : 136
  },
  { "fields" : { "orden" : 1,
        "pregunta" : 32,
        "texto" : "4"
      },
    "model" : "app.itempregunta",
    "pk" : 120
  },
  { "fields" : { "orden" : 1,
        "pregunta" : 27,
        "texto" : "4"
      },
    "model" : "app.itempregunta",
    "pk" : 100
  },
  { "fields" : { "orden" : 1,
        "pregunta" : 39,
        "texto" : "4"
      },
    "model" : "app.itempregunta",
    "pk" : 148
  },
  { "fields" : { "orden" : 1,
        "pregunta" : 12,
        "texto" : "4"
      },
    "model" : "app.itempregunta",
    "pk" : 40
  },
  { "fields" : { "orden" : 1,
        "pregunta" : 33,
        "texto" : "4"
      },
    "model" : "app.itempregunta",
    "pk" : 124
  },
  { "fields" : { "orden" : 1,
        "pregunta" : 19,
        "texto" : "4"
      },
    "model" : "app.itempregunta",
    "pk" : 68
  },
  { "fields" : { "orden" : 1,
        "pregunta" : 26,
        "texto" : "4"
      },
    "model" : "app.itempregunta",
    "pk" : 96
  },
  { "fields" : { "orden" : 1,
        "pregunta" : 37,
        "texto" : "4"
      },
    "model" : "app.itempregunta",
    "pk" : 140
  },
  { "fields" : { "descripcion" : "Encuesta de Satisfacción Estudiantil",
          "tipo" : "ESE2012"
    	    },
    "model" : "app.tabulacion",
    "pk" : 1 
  },

  { "fields" : { "siglas" : "AEIRNNR",
        "nombre" : "Área de la Energía, las Industrias y los Recursos Naturales no Renovables"
      },
    "model" : "app.areasga",
    "pk"    : 3
  },

  { "fields" : { "siglas" : "AARNR",
        "nombre" : "Área Agropecuaria y de Recursos Naturales Renovables"
      },
    "model" : "app.areasga",
    "pk"    : 1
  },

  { "fields" : { "siglas" : "MED",
        "nombre" : "Modalidad de Estudios a Distancia"
      },
    "model" : "app.areasga",
    "pk"    : 7
  },

  { "fields" : { "siglas" : "ACE",
        "nombre" : "Área de Cursos Especiales"
      },
    "model" : "app.areasga",
    "pk"    : 6
  },

  { "fields" : { "siglas" : "ASH",
        "nombre" : "Área de la Salud Humana"
      },
    "model" : "app.areasga",
    "pk"    : 5
  },

  { "fields" : { "siglas" : "AEAC",
        "nombre" : "Área de la Educación, Arte y Comunicación"
      },
    "model" : "app.areasga",
    "pk"    : 2
  },
  { "fields" : { "siglas" : "AJSA",
        "nombre" : "Área de la Educación, Arte y Comunicación"
      },
    "model" : "app.areasga",
    "pk"    : 4
  }

]